[{
  "id": 1,
  "title": "node1",
  "route": "#/1",
  "nodes": [{
    "id": 11,
    "title": "node1.1",
    "route": "#/11",
    "nodes": [{
      "id": 111,
      "title": "node1.1.1",
      "route": "#/111",
      "nodes": []
    }]
  }]
}, {
  "id": 2,
  "title": "node2",
  "nodrop": true,
  "route": "#/2",
  "nodes": [{
    "id": 21,
    "title": "node2.1",
    "route": "#/21",
    "nodes": []
  }]
}, {
  "id": 3,
  "title": "node3(Route - Make click)",
  "route": "#/3"
}]
